SKU,Name,WarehouseLocation,WeightOz,Weight,Category,Tag1,Tag2,Tag3,Tag4,Tag5,CustomsDescription,CustomsValue,CustomsTariffNo,CustomsCountry,ThumbnailUrl,UPC,FillSku,Length,Width,Height,UseProductName,Active,SKUAlias,IsReturnable
"","Holiday Release","Midland","","","Retail Coffee","","","","","","","","","","","","","","","","","TRUE","","TRUE"
"","Minus 320 House Blend","Midland","","","Retail Coffee","","","","","","","","","","","","","","","","","TRUE","","TRUE"
"01 -RR-5LB","Rummel Roast Size: 5lb","","82.0","82.0","Bulk Coffee","","","","","","","","","","","","","","","","","TRUE","","TRUE"
"01-320E-5LB-WHL","Minus 320 Espresso Size: 5lb, Grind: Whole","","82.0","82.0","Bulk Coffee","","","","","","","","","","","","","","","","","TRUE","","TRUE"
"01-BH-12Z-WHL","Costa Rica Beneficio Honey Size: 12oz, Grind: Whole","","13.0","13.0","Retail Coffee","","","","","","","","","","","","","","","","","TRUE","","TRUE"
"01-BH-5LB-WHL","Costa Rica Beneficio Honey Size: 5lb, Grind: Whole","","82.0","82.0","Bulk Coffee","","","","","","","","","","","","","","","","","TRUE","","TRUE"
"01-BOCB-5LB","Blue Owl Cold Brew Size: 5lb","","82.0","82.0","Bulk Coffee","","","","","","","","","","","","","","","","","TRUE","","TRUE"
"01-CE-12Z-GRN","Creation Espresso Size: 12oz, Grind: Ground","","13.0","13.0","Retail Coffee","","","","","","","","","","","","","","","","","TRUE","","TRUE"
"01-CE-12Z-WHL","Creation Espresso Size: 12oz, Grind: Whole","","13.0","13.0","Retail Coffee","","","","","","","","","","","","","","","","","TRUE","","TRUE"
"01-CE-5LB-WHL","Creation Espresso Size: 5lb, Grind: Whole","","82.0","82.0","Bulk Coffee","","","","","","","","","","","","","","","","","TRUE","","TRUE"
"01-DC-12Z-WHL","Santa Barbara Decaf Size: 12oz, Grind: Whole","","13.0","13.0","Retail Coffee","","","","","","","","","","","","","","","","","TRUE","","TRUE"
"01-DC-5LB-GRN","Santa Barbara Decaf Size: 5lb, Grind: Ground","","82.0","82.0","Bulk Coffee","","","","","","","","","","","","","","","","","TRUE","","TRUE"
"01-DC-5LB-WHL","Santa Barbara Decaf Size: 5lb, Grind: Whole","","82.0","82.0","Bulk Coffee","","","","","","","","","","","","","","","","","TRUE","","TRUE"
"01-DE-12Z-WHL","Diamond Espresso Size: 12oz, Grind: Whole","","13.0","13.0","Retail Coffee","","","","","","","","","","","","","","","","","TRUE","","TRUE"
"01-DE-5LB-WHL","Diamond Espresso Size: 5lb, Grind: Whole","","82.0","82.0","Bulk Coffee","","","","","","","","","","","","","","","","","TRUE","","TRUE"
"01-DH-12Z","DDD House Blend Size: 12oz","","13.0","13.0","Retail Coffee","","","","","","","","","","","","","","","","","TRUE","","TRUE"
"01-DH-5LB","DDD House Blend Size: 5lb","","82.0","82.0","Bulk Coffee","","","","","","","","","","","","","","","","","TRUE","","TRUE"
"01-EY-12Z-WHL","Ethiopia Yirgacheffe Size: 12oz, Grind: Whole","","13.0","13.0","Retail Coffee","","","","","","","","","","","","","","","","","TRUE","","TRUE"
"01-EY-5LB-WHL","Ethiopia Yirgacheffe Size: 5lb, Grind: Whole","","82.0","82.0","Bulk Coffee","","","","","","","","","","","","","","","","","TRUE","","TRUE"
"01-GA-12Z-WHL","Ethiopia Gelana Abaya Size: 12oz, Grind: Whole","","13.0","13.0","Retail Coffee","","","","","","","","","","","","","","","","","TRUE","","TRUE"
"01-GH-12Z-WHL","Guatemala Huehuetenango Size: 12oz, Grind: Whole","","13.0","13.0","Retail Coffee","","","","","","","","","","","","","","","","","TRUE","","TRUE"
"01-GH-5LB-GRN","Guatemala Huehuetenango Size: 5lb, Grind: Ground","","82.0","82.0","Bulk Coffee","","","","","","","","","","","","","","","","","TRUE","","TRUE"
"01-GH-5LB-WHL","Guatemala Huehuetenango Size: 5lb, Grind: Whole","","82.0","82.0","Bulk Coffee","","","","","","","","","","","","","","","","","TRUE","","TRUE"
"01-HBB-5LB-WHL","Harvest Breakfast Blend Size: 5lb, Grind: Whole","","82.0","82.0","Bulk Coffee","","","","","","","","","","","","","","","","","TRUE","","TRUE"
"01-HE-5LB-WHL","Harvest Espresso Size: 5lb, Grind: Whole","","82.0","82.0","Bulk Coffee","","","","","","","","","","","","","","","","","TRUE","","TRUE"
"01-HHB-5LB-GRN","Harvest House Blend Size: 5lb, Grind: Ground","","82.0","82.0","Bulk Coffee","","","","","","","","","","","","","","","","","TRUE","","TRUE"
"01-HHB-5LB-WHL","Harvest House Blend Size: 5lb, Grind: Whole","","82.0","82.0","Bulk Coffee","","","","","","","","","","","","","","","","","TRUE","","TRUE"
"01-ID-12Z-GRN","Ethiopia Idido Size: 12oz, Grind: Ground","","13.0","13.0","Retail Coffee","","","","","","","","","","","","","","","","","TRUE","","TRUE"
"01-ID-12Z-WHL","Ethiopia Idido Size: 12oz, Grind: Whole","","13.0","13.0","Retail Coffee","","","","","","","","","","","","","","","","","TRUE","","TRUE"
"01-ID-5LB-GRN","Ethiopia Idido Size: 5lb, Grind: Ground","","82.0","82.0","Bulk Coffee","","","","","","","","","","","","","","","","","TRUE","","TRUE"
"01-ID-5LB-WHL","Ethiopia Idido Size: 5lb, Grind: Whole","","82.0","82.0","Bulk Coffee","","","","","","","","","","","","","","","","","TRUE","","TRUE"
"01-IGE-5LB-WHL","Iron Grind Espresso Size: 5lb, Grind: Whole","","82.0","82.0","Bulk Coffee","","","","","","","","","","","","","","","","","TRUE","","TRUE"
"01-KIY-12Z-WHL","Kenya Kiunyu Size: 12oz, Grind: Whole","","13.0","13.0","Retail Coffee","","","","","","","","","","","","","","","","","TRUE","","TRUE"
"01-KIY-5LB-WHL","Kenya Kiunyu Size: 5lb, Grind: Whole","","82.0","82.0","Bulk Coffee","","","","","","","","","","","","","","","","","TRUE","","TRUE"
"01-KO-12Z-WHL","Ethiopia Koke Size: 12oz, Grind: Whole","","13.0","13.0","Retail Coffee","","","","","","","","","","","","","","","","","TRUE","","TRUE"
"01-KO-5LB-GRN","Ethiopia Koke Size: 5lb, Grind: Ground","","82.0","82.0","Bulk Coffee","","","","","","","","","","","","","","","","","TRUE","","TRUE"
"01-KO-5LB-WHL","Ethiopia Koke Size: 5lb, Grind: Whole","","82.0","82.0","Bulk Coffee","","","","","","","","","","","","","","","","","TRUE","","TRUE"
"01-LO-12Z-WHL","Live Oak Blend Size: 12oz, Grind: Whole","","13.0","13.0","Retail Coffee","","","","","","","","","","","","","","","","","TRUE","","TRUE"
"01-LO-5LB-WHL","Live Oak Blend Size: 5lb, Grind: Whole","","82.0","82.0","Bulk Coffee","","","","","","","","","","","","","","","","","TRUE","","TRUE"
"01-LP-12Z-GRN","Costa Rica La Pastora Size: 12oz, Grind: Ground","","13.0","13.0","Retail Coffee","","","","","","","","","","","","","","","","","TRUE","","TRUE"
"01-LP-12Z-WHL","Costa Rica La Pastora Size: 12oz, Grind: Whole","","13.0","13.0","Retail Coffee","","","","","","","","","","","","","","","","","TRUE","","TRUE"
"01-LP-5LB-WHL","Costa Rica La Pastora Size: 5lb, Grind: Whole","","82.0","82.0","Bulk Coffee","","","","","","","","","","","","","","","","","TRUE","","TRUE"
"01-PD-12Z-GRN","Perfect Dark Size: 12oz, Grind: Ground","","13.0","13.0","Retail Coffee","","","","","","","","","","","","","","","","","TRUE","","TRUE"
"01-PD-12Z-WHL","Perfect Dark Size: 12oz, Grind: Whole","","13.0","13.0","Retail Coffee","","","","","","","","","","","","","","","","","TRUE","","TRUE"
"01-PD-5LB-WHL","Perfect Dark Size: 5lb, Grind: Whole","","82.0","82.0","Bulk Coffee","","","","","","","","","","","","","","","","","TRUE","","TRUE"
"01-PHB-5LB-WHL","Paddock House Blend Size: 5lb, Grind: Whole","","82.0","82.0","Bulk Coffee","","","","","","","","","","","","","","","","","TRUE","","TRUE"
"01-SB-5LB-WHL","Shinola Blend Size: 5lb, Grind: Whole","","82.0","82.0","Bulk Coffee","","","","","","","","","","","","","","","","","TRUE","","TRUE"
"01-SE-5LB-WHL","Shinola Espresso Size: 5lb, Grind: Whole","","82.0","82.0","Bulk Coffee","","","","","","","","","","","","","","","","","TRUE","","TRUE"
"01-SJ-12Z-WHL","El Salvador Santa Josefita Size: 12oz, Grind: Whole","","13.0","13.0","Retail Coffee","","","","","","","","","","","","","","","","","TRUE","","TRUE"
"01-SJ-5LB-WHL","El Salvador Santa Josefita Size: 5lb, Grind: Whole","","82.0","82.0","Bulk Coffee","","","","","","","","","","","","","","","","","TRUE","","TRUE"
"01-TG-12Z-GRN","Ten Generation Size: 12oz, Grind: Ground","","13.0","13.0","Retail Coffee","","","","","","","","","","","","","","","","","TRUE","","TRUE"
"01-TG-12Z-WHL","Ten Generation Size: 12oz, Grind: Whole","","13.0","13.0","Retail Coffee","","","","","","","","","","","","","","","","","TRUE","","TRUE"
"01-TG-5LB-GRN","Ten Generation Size: 5lb, Grind: Ground","","82.0","82.0","Bulk Coffee","","","","","","","","","","","","","","","","","TRUE","","TRUE"
"01-TG-5LB-WHL","Ten Generation Size: 5lb, Grind: Whole","","82.0","82.0","Bulk Coffee","","","","","","","","","","","","","","","","","TRUE","","TRUE"
"01-ZAP-12Z-WHL","Colombia Zapata Size: 12oz, Grind: Whole","","13.0","13.0","Retail Coffee","","","","","","","","","","","","","","","","","TRUE","","TRUE"
"01-ZAP-5LB-WHL","Colombia Zapata Size: 5lb, Grind: Whole","","82.0","82.0","Bulk Coffee","","","","","","","","","","","","","","","","","TRUE","","TRUE"
"CE-12Z-WHL","Creation Espresso Size: 12oz, Grind: Whole","","13.0","13.0","Retail Coffee","","","","","","","","","","","","","","","","","TRUE","","TRUE"
"CE-5LB-WHL","Creation Espresso Size: 5lb, Grind: Whole","","82.0","82.0","Bulk Coffee","","","","","","","","","","","","","","","","","TRUE","","TRUE"
"DC-5LB-GRN","Santa Barbara Decaf Size: 5lb, Grind: Ground","","82.0","82.0","Bulk Coffee","","","","","","","","","","","","","","","","","TRUE","","TRUE"
"DC-5LB-WHL","Santa Barbara Decaf Size: 5lb, Grind: Whole","","82.0","82.0","Bulk Coffee","","","","","","","","","","","","","","","","","TRUE","","TRUE"
"DE-12Z-WHL","Diamond Espresso Size: 12oz, Grind: Whole","","13.0","13.0","Retail Coffee","","","","","","","","","","","","","","","","","TRUE","","TRUE"
"DE-5LB-WHL","Diamond Espresso Size: 5lb, Grind: Whole","","82.0","82.0","Bulk Coffee","","","","","","","","","","","","","","","","","TRUE","","TRUE"
"GH-12Z-WHL","Guatemala Huehuetenango Size: 12oz, Grind: Whole","","13.0","13.0","Retail Coffee","","","","","","","","","","","","","","","","","TRUE","","TRUE"
"GH-5LB-WHL","Guatemala Huehuetenango Size: 5lb, Grind: Whole","","82.0","82.0","Bulk Coffee","","","","","","","","","","","","","","","","","TRUE","","TRUE"
"LP-5LB-WHL","Costa Rica La Pastora Size: 5lb, Grind: Whole","","82.0","82.0","Bulk Coffee","","","","","","","","","","","","","","","","","TRUE","","TRUE"
"PADDOCKHB","Paddock House Blend - 5 lb","","82.0","82.0","Bulk Coffee","","","","","","","","","","","","","","","","","TRUE","","TRUE"
"PD-12Z-WHL","Perfect Dark Size: 12oz, Grind: Whole","","13.0","13.0","Retail Coffee","","","","","","","","","","","","","","","","","TRUE","","TRUE"
"PD-5LB-WHL","Perfect Dark Size: 5lb, Grind: Whole","","82.0","82.0","Bulk Coffee","","","","","","","","","","","","","","","","","TRUE","","TRUE"
"SQ0026234","Diamond Espresso Subscription (Bi-Weekly) - Whole Bean","","13.0","13.0","Subscriptions","","","","","","","","","","","","","","","","","TRUE","","TRUE"
"SQ0264449","Ethiopia Yirgacheffe - Ground","","13.0","13.0","Retail Coffee","","","","","","","","","","","","","","","","","TRUE","","TRUE"
"SQ0264449","Ethiopia Yirgacheffe - Ground","","13.0","13.0","Retail Coffee","","","","","","","","","","","","","","","","","TRUE","","TRUE"
"SQ0438009","Ethiopia Yirgacheffe - Whole Bean","","13.0","13.0","Retail Coffee","","","","","","","","","","","","","","","","","TRUE","","TRUE"
"SQ0438009","Ethiopia Yirgacheffe - Whole Bean","","13.0","13.0","Retail Coffee","","","","","","","","","","","","","","","","","TRUE","","TRUE"
"SQ0531082","Burundi Gitwe Hill - Ground - Medium","","13.0","13.0","Retail Coffee","","","","","","","","","","","","","","","","","TRUE","","TRUE"
"SQ0657164","Ten Generation - 5 lb Bag - Whole Bean","","82.0","82.0","Bulk Coffee","","","","","","","","","","","","","","","","","TRUE","","TRUE"
"SQ0744697","Holiday Release - Ground","","13.0","13.0","Retail Coffee","","","","","","","","","","","","","","","","","TRUE","","TRUE"
"SQ0768228","Kenya Kiunyu - Ground - Coarse","","13.0","13.0","Retail Coffee","","","","","","","","","","","","","","","","","TRUE","","TRUE"
"SQ0988097","Costa Rica La Pastora - Ground - Fine","","13.0","13.0","Retail Coffee","","","","","","","","","","","","","","","","","TRUE","","TRUE"
"SQ1026356","Ethiopia Koke - Whole Bean","","13.0","13.0","Retail Coffee","","","","","","","","","","","","","","","","","TRUE","","TRUE"
"SQ1214225","Holiday Release Coffee - Ground -Coarse","","13.0","13.0","Retail Coffee","","","","","","","","","","","","","","","","","TRUE","","TRUE"
"SQ1238567","Ethiopia Uraga - Ground - Medium","","13.0","13.0","Retail Coffee","","","","","","","","","","","","","","","","","TRUE","","TRUE"
"SQ1252450","Santa Barbara Decaf - Ground - Fine","","13.0","13.0","Retail Coffee","","","","","","","","","","","","","","","","","TRUE","","TRUE"
"SQ1316642","Holiday Release Coffee - Ground -Fine","","13.0","13.0","Retail Coffee","","","","","","","","","","","","","","","","","TRUE","","TRUE"
"SQ1321414","Rotating Single Origin Subscription (Weekly) - Whole Bean","","13.0","13.0","Subscriptions","","","","","","","","","","","","","","","","","TRUE","","TRUE"
"SQ1341657","Guatemala Huehuetenango - 5 lb Bag - Ground","","82.0","82.0","Bulk Coffee","","","","","","","","","","","","","","","","","TRUE","","TRUE"
"SQ1664147","Diamond Espresso - Ground for Espresso","","13.0","13.0","Retail Coffee","","","","","","","","","","","","","","","","","TRUE","","TRUE"
"SQ1683788","Costa Rica La Pastora - Ground - Coarse","","13.0","13.0","Retail Coffee","","","","","","","","","","","","","","","","","TRUE","","TRUE"
"SQ1702682","Rotating Single Origin Subscription (Bi-Weekly) - Whole Bean","","13.0","13.0","Subscriptions","","","","","","","","","","","","","","","","","TRUE","","TRUE"
"SQ1882628","Ethiopia Idido - Ground - Medium","","13.0","13.0","Retail Coffee","","","","","","","","","","","","","","","","","TRUE","","TRUE"
"SQ2208687","Ten Generation Subscription (Bi-Weekly) - Ground - Medium","","13.0","13.0","Subscriptions","","","","","","","","","","","","","","","","","TRUE","","TRUE"
"SQ2215238","Perfect Dark - Ground - Medium","","13.0","13.0","Retail Coffee","","","","","","","","","","","","","","","","","TRUE","","TRUE"
"SQ2215238","Perfect Dark - Ground - Medium","","13.0","13.0","Retail Coffee","","","","","","","","","","","","","","","","","TRUE","","TRUE"
"SQ2452075","Colombia Zapata - Ground - Coarse","","13.0","13.0","Retail Coffee","","","","","","","","","","","","","","","","","TRUE","","TRUE"
"SQ2510082","Santa Barbara Decaf - Whole Bean","","13.0","13.0","Retail Coffee","","","","","","","","","","","","","","","","","TRUE","","TRUE"
"SQ2510082","Santa Barbara Decaf - Whole Bean","","13.0","13.0","Retail Coffee","","","","","","","","","","","","","","","","","TRUE","","TRUE"
"SQ2640433","Creation Espresso - Whole Bean","","13.0","13.0","Retail Coffee","","","","","","","","","","","","","","","","","TRUE","","TRUE"
"SQ2662041","Creation Espresso - Ground for Espresso","","13.0","13.0","Retail Coffee","","","","","","","","","","","","","","","","","TRUE","","TRUE"
"SQ2716303","El Salvador Santa Josefita - Ground - Medium","","13.0","13.0","Retail Coffee","","","","","","","","","","","","","","","","","TRUE","","TRUE"
"SQ2722571","Ten Generation - Ground - Coarse","","13.0","13.0","Retail Coffee","","","","","","","","","","","","","","","","","TRUE","","TRUE"
"SQ2782445","Colombia Zapata - Whole Bean","","13.0","13.0","Retail Coffee","","","","","","","","","","","","","","","","","TRUE","","TRUE"
"SQ2824406","Kenya Kiunyu - Whole Bean","","13.0","13.0","Retail Coffee","","","","","","","","","","","","","","","","","TRUE","","TRUE"
"SQ3014314","Ten Generation - Ground - Medium / 12 oz","","13.0","13.0","Retail Coffee","","","","","","","","","","","","","","","","","TRUE","","TRUE"
"SQ3014314","Ten Generation - Ground - Medium / 12 oz","","13.0","13.0","Retail Coffee","","","","","","","","","","","","","","","","","TRUE","","TRUE"
"SQ3014314","Ten Generation - Ground - Medium / 12 oz","","13.0","13.0","Retail Coffee","","","","","","","","","","","","","","","","","TRUE","","TRUE"
"SQ3014314","Ten Generation - Ground - Medium / 12 oz","","13.0","13.0","Retail Coffee","","","","","","","","","","","","","","","","","TRUE","","TRUE"
"SQ3215568","Ethiopia Gelana Abaya - Whole Bean","","13.0","13.0","Retail Coffee","","","","","","","","","","","","","","","","","TRUE","","TRUE"
"SQ3227314","Decaf Subscription (Weekly) - Whole Bean","","13.0","13.0","Subscriptions","","","","","","","","","","","","","","","","","TRUE","","TRUE"
"SQ3352240","Perfect Dark Subscription (Weekly) - Whole Bean","","13.0","13.0","Subscriptions","","","","","","","","","","","","","","","","","TRUE","","TRUE"
"SQ3354761","Timberwolves Blend - Ground","","13.0","13.0","Retail Coffee","","","","","","","","","","","","","","","","","TRUE","","TRUE"
"SQ3615200","Holiday Release Coffee - Ground - Medium","","13.0","13.0","Retail Coffee","","","","","","","","","","","","","","","","","TRUE","","TRUE"
"SQ3707002","Holiday Release Coffee - Ground -Medium","","13.0","13.0","Retail Coffee","","","","","","","","","","","","","","","","","TRUE","","TRUE"
"SQ3711577","Santa Barbara Decaf - Ground - Medium","","13.0","13.0","Retail Coffee","","","","","","","","","","","","","","","","","TRUE","","TRUE"
"SQ3711577","Santa Barbara Decaf - Ground - Medium","","13.0","13.0","Retail Coffee","","","","","","","","","","","","","","","","","TRUE","","TRUE"
"SQ3711577","Santa Barbara Decaf - Ground - Medium","","13.0","13.0","Retail Coffee","","","","","","","","","","","","","","","","","TRUE","","TRUE"
"SQ3740319","Ethiopia Idido - Ground - Fine","","13.0","13.0","Retail Coffee","","","","","","","","","","","","","","","","","TRUE","","TRUE"
"SQ3781675","Holiday Release - Whole Bean","","13.0","13.0","Retail Coffee","","","","","","","","","","","","","","","","","TRUE","","TRUE"
"SQ4131088","Perfect Dark Subscription (Monthly) - Ground - Medium","","13.0","13.0","Subscriptions","","","","","","","","","","","","","","","","","TRUE","","TRUE"
"SQ4385788","Diamond Espresso - Whole Bean","","13.0","13.0","Retail Coffee","","","","","","","","","","","","","","","","","TRUE","","TRUE"
"SQ4432144","Rotating Single Origin Subscription (Monthly) - Whole Bean","","13.0","13.0","Subscriptions","","","","","","","","","","","","","","","","","TRUE","","TRUE"
"SQ4677560","El Salvador Santa Josefita - Whole Bean","","13.0","13.0","Retail Coffee","","","","","","","","","","","","","","","","","TRUE","","TRUE"
"SQ4825141","Ethiopia Uraga - Whole Bean","","13.0","13.0","Retail Coffee","","","","","","","","","","","","","","","","","TRUE","","TRUE"
"SQ5020042","Great Lakes Loons Blend - Whole Bean","","13.0","13.0","Retail Coffee","","","","","","","","","","","","","","","","","TRUE","","TRUE"
"SQ5068545","Holiday Release Coffee - Whole Bean","","13.0","13.0","Retail Coffee","","","","","","","","","","","","","","","","","TRUE","","TRUE"
"SQ5244081","Ethiopia Idido - Whole Bean","","13.0","13.0","Retail Coffee","","","","","","","","","","","","","","","","","TRUE","","TRUE"
"SQ5274260","Costa Rica Beneficio Honey - Ground - Medium","","13.0","13.0","Retail Coffee","","","","","","","","","","","","","","","","","TRUE","","TRUE"
"SQ5305684","Ethiopia Idido - Ground - Coarse","","13.0","13.0","Retail Coffee","","","","","","","","","","","","","","","","","TRUE","","TRUE"
"SQ5374162","Costa Rica La Pastora - Ground - Medium","","13.0","13.0","Retail Coffee","","","","","","","","","","","","","","","","","TRUE","","TRUE"
"SQ5374162","Costa Rica La Pastora - Ground - Medium","","13.0","13.0","Retail Coffee","","","","","","","","","","","","","","","","","TRUE","","TRUE"
"SQ5374162","Costa Rica La Pastora - Ground - Medium","","13.0","13.0","Retail Coffee","","","","","","","","","","","","","","","","","TRUE","","TRUE"
"SQ5551131","Santa Barbara Decaf - Ground - Coarse","","13.0","13.0","Retail Coffee","","","","","","","","","","","","","","","","","TRUE","","TRUE"
"SQ5627143","El Salvador Santa Josefita - Ground - Coarse","","13.0","13.0","Retail Coffee","","","","","","","","","","","","","","","","","TRUE","","TRUE"
"SQ5743881","Holiday Release Coffee - Ground - Fine","","13.0","13.0","Retail Coffee","","","","","","","","","","","","","","","","","TRUE","","TRUE"
"SQ5872564","Diamond Espresso Subscription (Monthly) - Whole Bean","","13.0","13.0","Subscriptions","","","","","","","","","","","","","","","","","TRUE","","TRUE"
"SQ6063071","Colombia Zapata - Ground - Medium","","13.0","13.0","Retail Coffee","","","","","","","","","","","","","","","","","TRUE","","TRUE"
"SQ6205790","Blend for Shinola -","","13.0","13.0","Retail Coffee","","","","","","","","","","","","","","","","","TRUE","","TRUE"
"SQ6276404","Ten Generation Subscription (Bi-Weekly) - Whole Bean","","13.0","13.0","Subscriptions","","","","","","","","","","","","","","","","","TRUE","","TRUE"
"SQ6331757","Burundi Gitwe Hill - Whole Bean","","13.0","13.0","Retail Coffee","","","","","","","","","","","","","","","","","TRUE","","TRUE"
"SQ6416665","Costa Rica Beneficio Honey - Ground - Coarse","","13.0","13.0","Retail Coffee","","","","","","","","","","","","","","","","","TRUE","","TRUE"
"SQ6744386","Great Lakes Loons Blend - Ground - Medium","","13.0","13.0","Retail Coffee","","","","","","","","","","","","","","","","","TRUE","","TRUE"
"SQ6786678","Costa Rica Beneficio Honey - Ground - Fine","","13.0","13.0","Retail Coffee","","","","","","","","","","","","","","","","","TRUE","","TRUE"
"SQ7084611","Creation Espresso Subscription (Bi-Weekly) - Whole Bean","","13.0","13.0","Subscriptions","","","","","","","","","","","","","","","","","TRUE","","TRUE"
"SQ7143114","Burundi Gitwe Hill - Ground - Fine","","13.0","13.0","Retail Coffee","","","","","","","","","","","","","","","","","TRUE","","TRUE"
"SQ7260530","Ten Generation - Ground - Fine","","13.0","13.0","Retail Coffee","","","","","","","","","","","","","","","","","TRUE","","TRUE"
"SQ7321307","Holiday Release Coffee - Whole","","13.0","13.0","Retail Coffee","","","","","","","","","","","","","","","","","TRUE","","TRUE"
"SQ7327171","Ethiopia Gelana Abaya - Ground - Medium","","13.0","13.0","Retail Coffee","","","","","","","","","","","","","","","","","TRUE","","TRUE"
"SQ7370512","Ten Generation - 5 lb Bag - Ground","","82.0","82.0","Bulk Coffee","","","","","","","","","","","","","","","","","TRUE","","TRUE"
"SQ7558108","Costa Rica La Pastora - Whole Bean","","13.0","13.0","Retail Coffee","","","","","","","","","","","","","","","","","TRUE","","TRUE"
"SQ7558108","Costa Rica La Pastora - Whole Bean","","13.0","13.0","Retail Coffee","","","","","","","","","","","","","","","","","TRUE","","TRUE"
"SQ7574679","Perfect Dark - 5 lb Bag - Ground","","82.0","82.0","Bulk Coffee","","","","","","","","","","","","","","","","","TRUE","","TRUE"
"SQ7654908","Perfect Dark - Ground - Fine","","13.0","13.0","Retail Coffee","","","","","","","","","","","","","","","","","TRUE","","TRUE"
"SQ7671422","Kenya Kiunyu - Ground - Medium","","13.0","13.0","Retail Coffee","","","","","","","","","","","","","","","","","TRUE","","TRUE"
"SQ8014504","Costa Rica Beneficio Honey - Whole Bean","","13.0","13.0","Retail Coffee","","","","","","","","","","","","","","","","","TRUE","","TRUE"
"SQ8086482","Holiday Release Coffee - Ground - Coarse","","13.0","13.0","Retail Coffee","","","","","","","","","","","","","","","","","TRUE","","TRUE"
"SQ8533567","Great Lakes Loons Blend - Ground - Fine","","13.0","13.0","Retail Coffee","","","","","","","","","","","","","","","","","TRUE","","TRUE"
"SQ8637668","Great Lakes Loons Blend - Ground - Coarse","","13.0","13.0","Retail Coffee","","","","","","","","","","","","","","","","","TRUE","","TRUE"
"SQ9024462","Perfect Dark - Ground - Coarse","","13.0","13.0","Retail Coffee","","","","","","","","","","","","","","","","","TRUE","","TRUE"
"SQ9561660","Ten Generation - Whole Bean / 12 oz","","13.0","13.0","Retail Coffee","","","","","","","","","","","","","","","","","TRUE","","TRUE"
"SQ9561660","Ten Generation - Whole Bean / 12 oz","","13.0","13.0","Retail Coffee","","","","","","","","","","","","","","","","","TRUE","","TRUE"
"SQ9561660","Ten Generation - Whole Bean / 12 oz","","13.0","13.0","Retail Coffee","","","","","","","","","","","","","","","","","TRUE","","TRUE"
"SQ9610644","Perfect Dark - Whole Bean","","13.0","13.0","Retail Coffee","","","","","","","","","","","","","","","","","TRUE","","TRUE"
"SQ9738768","Perfect Dark - 5 lb Bag - Whole Bean","","82.0","82.0","Bulk Coffee","","","","","","","","","","","","","","","","","TRUE","","TRUE"
"TG-12Z-WHL","Ten Generation Size: 12oz, Grind: Whole","","13.0","13.0","Retail Coffee","","","","","","","","","","","","","","","","","TRUE","","TRUE"
"TG-5LB-GRN","Ten Generation Size: 5lb, Grind: Ground","","82.0","82.0","Bulk Coffee","","","","","","","","","","","","","","","","","TRUE","","TRUE"
"TG-5LB-WHL","Ten Generation Size: 5lb, Grind: Whole","","82.0","82.0","Bulk Coffee","","","","","","","","","","","","","","","","","TRUE","","TRUE"
